[
    {
        "label": "Altria Theatre",
        "imageName": "Theater"
    },
    {
        "label": "Cathedral of the Sacred Heart",
        "imageName": "Cathedral"
    },
    {
        "label": "Virginia War Memorial",
        "imageName": "War"
    },
    {
        "label": "VCU Cary Street Gym",
        "imageName": "Gym"
    },
    {
        "label": "James Branch Cabell Library",
        "imageName": "Library"
    },
    {
        "label": "Siegel Center",
        "imageName": "Siegel"
    },
    {
        "label": "VCU Institution for Contemporary Art",
        "imageName": "Art"
    },
]
